itching,skin_rash,nodal_skin_eruptions,continuous_sneezing,shivering,chills,joint_pain,stomach_pain,vomiting,fatigue,weight_loss,high_fever,headache,nausea,loss_of_appetite,pain_behind_eyes,back_pain,constipation,abdominal_pain,diarrhoea,mild_fever,yellow_urine,dark_urine,chest_pain,cough,breathlessness,sweating,dehydration,blurred_vision,muscle_weakness,prognosis
1,1,1,1,0,0,1,0,0,0,1,1,1,1,0,1,1,0,1,0,1,0,1,1,0,0,0,1,0,0,GERD
1,0,0,1,1,0,0,0,0,0,1,0,1,0,1,0,0,1,0,1,0,0,1,0,1,1,0,1,1,1,Diabetes
1,0,0,1,0,1,0,0,0,1,1,1,1,0,0,0,1,1,1,0,1,1,1,1,0,1,0,0,1,1,Malaria
0,1,0,0,0,0,0,1,0,1,1,1,1,0,0,1,1,1,1,0,0,1,1,1,1,0,0,0,1,1,Diabetes
1,0,0,0,0,1,0,0,0,1,1,1,0,0,0,0,1,0,1,1,1,1,1,1,1,1,1,1,1,0,Peptic ulcer disease
0,1,0,0,1,1,1,1,0,0,0,1,0,0,1,1,1,1,0,0,0,1,0,1,0,0,0,0,0,1,Diabetes
0,1,1,0,0,0,0,1,0,1,0,1,1,1,0,1,0,1,0,0,1,1,0,1,1,1,1,1,0,0,Common Cold
1,1,0,1,1,1,0,1,1,1,1,0,0,1,1,1,1,0,1,0,0,0,1,0,0,1,0,1,1,1,Peptic ulcer disease
0,1,1,1,1,1,0,0,0,0,0,0,0,1,1,1,1,1,1,1,0,1,1,0,0,0,1,0,1,0,Chronic cholestasis
0,1,0,1,0,0,1,1,1,0,0,1,0,1,0,0,0,0,0,0,1,0,1,1,1,0,1,1,1,0,Malaria
0,0,1,1,0,1,0,0,0,0,1,0,1,0,1,1,1,1,1,1,1,0,0,0,0,0,0,0,1,0,Common Cold
0,0,0,0,0,0,1,0,1,0,0,1,1,1,0,1,1,0,0,0,0,1,1,1,0,0,0,0,0,1,AIDS
1,1,0,1,0,0,0,0,0,1,0,1,0,1,0,1,1,1,0,0,1,1,1,0,1,1,1,1,1,0,Allergy
0,1,1,1,1,1,1,1,1,0,1,1,1,1,0,1,1,1,1,0,1,1,0,0,0,1,0,0,1,1,AIDS
0,0,1,1,0,1,1,0,0,0,1,1,1,1,1,1,1,1,0,0,1,1,0,1,0,0,1,0,1,1,Malaria
0,1,0,0,0,1,0,0,0,0,1,1,0,0,1,1,1,1,0,1,1,0,1,1,0,1,1,1,1,0,Diabetes
1,0,1,0,1,1,0,0,0,0,1,1,1,1,1,0,0,0,1,0,1,0,1,1,1,1,1,1,1,1,Peptic ulcer disease
1,0,1,0,1,0,0,1,1,0,1,0,1,1,0,0,0,1,0,1,0,0,1,1,1,0,0,0,1,0,Diabetes
1,0,1,0,0,1,0,1,0,1,1,1,1,0,1,0,0,1,0,0,0,0,1,0,0,0,1,0,1,0,Fungal infection
0,1,1,1,0,1,1,0,0,1,1,0,0,0,0,0,1,1,1,0,0,0,1,1,1,0,0,0,1,0,AIDS
0,0,0,0,1,0,0,1,1,0,1,0,1,0,1,0,0,1,0,0,1,1,0,0,0,1,0,0,1,0,GERD
1,0,0,0,1,0,1,0,1,1,0,0,1,1,0,0,0,0,0,0,0,0,0,1,0,0,0,1,0,1,Diabetes
1,0,0,1,1,1,1,1,0,1,0,0,0,0,0,1,1,0,0,0,1,1,0,0,1,0,0,0,1,0,Diabetes
1,0,1,1,1,0,0,0,1,0,1,0,1,0,0,0,1,1,0,0,1,1,1,1,1,0,0,1,1,1,Common Cold
1,0,1,0,0,1,1,1,0,0,1,0,1,0,0,0,1,0,0,1,1,1,1,1,0,1,1,0,0,1,GERD
1,1,0,1,0,0,0,1,0,0,1,1,0,0,0,1,0,0,0,1,1,0,1,0,0,1,1,0,1,1,Common Cold
0,1,1,1,0,0,1,1,0,0,1,1,1,1,0,1,0,0,1,0,1,0,0,1,0,1,0,1,1,0,Fungal infection
0,0,1,0,0,1,1,1,0,1,0,0,0,1,1,1,1,0,0,1,1,1,1,0,0,1,1,1,1,1,Malaria
0,0,0,1,0,1,1,1,1,0,0,1,0,1,1,0,1,0,0,0,1,1,1,0,1,0,0,0,0,1,AIDS
0,1,1,1,0,0,0,1,0,1,0,0,0,1,0,0,0,1,0,1,1,0,1,0,1,0,0,1,1,1,Diabetes
0,0,1,0,1,1,0,0,1,0,0,1,1,0,0,0,1,0,1,0,0,0,1,0,1,0,1,0,0,1,Fungal infection
1,1,0,0,1,0,1,1,0,0,0,1,1,0,1,1,0,1,0,0,0,0,1,1,0,1,1,1,0,0,Allergy
0,0,0,0,0,0,0,0,1,0,1,0,0,0,0,1,1,1,1,1,0,0,0,0,0,1,0,1,1,0,Fungal infection
0,0,1,0,1,1,1,0,0,1,0,1,1,1,1,0,0,1,0,1,0,1,1,1,0,1,1,1,1,0,AIDS
1,0,1,0,1,1,0,1,0,0,1,1,0,1,0,1,1,0,0,1,1,0,1,1,1,1,0,0,1,0,Drug Reaction
0,1,0,0,0,1,0,1,0,1,1,0,1,0,1,1,0,1,0,1,1,1,0,1,0,1,0,1,1,0,Drug Reaction
0,1,0,0,1,1,1,0,1,0,0,1,0,1,0,0,0,0,1,1,1,1,0,0,0,0,0,0,0,1,AIDS
1,0,0,0,1,0,0,0,1,0,0,0,0,1,0,0,0,0,1,0,0,1,1,0,1,0,1,1,1,0,Drug Reaction
1,1,0,1,1,1,1,0,0,0,1,0,1,1,0,1,1,0,0,0,0,1,0,0,0,0,1,1,1,0,Diabetes
0,1,1,0,0,0,0,0,1,0,0,1,0,0,0,1,0,1,0,1,1,1,1,1,1,0,1,0,0,1,Chronic cholestasis
0,0,1,1,0,0,0,1,1,0,1,1,1,0,1,1,1,0,0,1,1,1,1,1,1,1,0,0,1,0,AIDS
0,1,0,1,1,0,0,1,1,0,1,0,1,0,1,1,1,0,0,0,1,1,0,0,1,1,0,1,0,0,Common Cold
1,1,0,0,0,0,1,1,0,1,1,1,0,1,1,0,1,1,1,0,1,1,0,1,1,1,0,0,1,0,Common Cold
0,0,0,0,0,1,0,1,1,0,0,1,0,0,1,1,1,0,0,1,0,1,0,1,0,0,0,1,1,1,Diabetes
0,1,1,1,1,0,0,1,0,0,1,0,0,0,1,0,1,1,0,1,0,0,1,0,0,0,0,0,1,1,GERD
1,0,0,1,1,0,0,0,0,1,1,1,1,0,0,0,1,0,1,1,0,0,0,1,1,1,0,0,1,0,Malaria
0,1,0,0,1,1,0,1,0,1,0,0,0,1,0,1,0,0,1,1,1,0,0,1,0,1,0,0,0,1,Drug Reaction
1,1,0,0,1,1,0,0,1,0,1,1,1,0,0,0,0,1,0,0,1,0,1,0,1,1,1,0,0,0,Peptic ulcer disease
0,1,0,0,1,1,1,0,0,1,1,0,1,1,1,1,0,1,0,0,0,0,0,1,0,1,1,0,1,0,GERD
1,0,0,0,1,0,1,1,1,1,1,0,1,1,1,0,1,0,1,1,0,1,0,0,0,0,0,0,1,0,Malaria
0,0,1,1,1,1,0,1,1,1,1,1,1,1,1,1,0,0,0,0,1,1,0,1,0,0,1,0,1,0,Fungal infection
1,0,1,0,0,1,1,0,0,1,1,0,1,1,1,1,1,0,1,0,1,0,0,0,1,0,0,1,1,1,Chronic cholestasis
1,1,0,1,1,0,0,1,1,1,0,0,1,1,0,1,1,1,1,0,1,0,1,1,0,0,1,1,1,1,Allergy
1,1,1,0,0,0,1,0,1,1,0,0,1,1,0,0,0,0,0,1,0,1,0,0,1,0,1,1,1,0,GERD
1,0,0,1,0,0,0,0,0,0,0,1,1,0,1,1,0,0,0,1,1,1,1,1,1,1,1,1,1,0,Fungal infection
1,1,1,0,0,0,1,0,0,1,0,1,0,0,1,0,0,1,1,0,1,1,1,1,0,1,1,1,1,1,Allergy
0,0,0,1,1,0,0,0,0,1,0,0,0,0,1,0,1,0,0,0,0,1,1,0,0,0,1,1,0,1,Drug Reaction
1,0,0,0,1,1,1,1,0,0,1,1,0,1,0,0,0,0,1,0,1,1,1,1,1,1,1,0,0,0,AIDS
0,0,1,0,0,1,1,1,1,1,1,0,1,0,1,1,0,1,0,1,1,1,1,1,1,0,0,0,0,1,GERD
1,0,0,1,1,0,0,0,1,0,1,0,0,0,1,1,1,0,0,0,0,1,0,0,1,0,1,1,1,1,Chronic cholestasis
1,0,1,0,1,1,0,0,0,1,1,0,1,0,1,0,1,1,0,0,0,1,0,0,0,0,1,0,1,1,Malaria
0,0,0,1,1,0,1,1,1,1,1,0,0,0,1,0,1,0,1,1,0,0,0,1,0,0,0,1,1,0,Allergy
1,0,0,1,1,0,0,1,0,1,0,0,1,1,1,0,1,0,1,0,0,1,1,1,0,0,1,0,0,0,AIDS
0,1,0,0,0,0,0,0,1,0,1,1,1,1,0,1,1,0,0,0,1,1,0,0,1,0,0,1,1,1,Common Cold
1,0,0,1,1,0,1,0,1,0,1,0,0,0,0,0,0,0,1,1,0,0,0,1,1,1,0,1,1,0,Chronic cholestasis
0,1,0,1,1,0,0,1,1,1,0,1,0,1,1,0,1,0,1,1,0,0,0,1,1,1,1,1,1,1,Common Cold
1,0,1,0,0,1,1,0,1,1,1,1,1,1,1,0,0,1,0,1,1,0,0,1,1,0,0,0,1,1,Fungal infection
0,0,1,0,1,0,1,1,1,0,0,1,0,1,0,0,0,0,1,0,0,0,0,1,1,0,0,0,0,0,Chronic cholestasis
0,0,0,0,0,0,0,1,1,0,1,1,0,0,0,0,0,1,1,0,0,0,1,0,0,1,1,1,1,0,Peptic ulcer disease
1,1,1,0,0,0,0,1,1,0,0,1,0,0,0,1,0,0,1,1,0,0,1,1,0,0,0,0,0,1,Chronic cholestasis
1,0,1,1,1,0,0,0,1,1,0,1,1,0,1,0,0,1,1,0,0,0,0,1,0,0,1,0,1,0,Fungal infection
1,0,0,0,0,0,0,0,0,1,0,1,0,1,0,1,0,1,0,0,1,1,1,1,1,0,0,1,0,1,Chronic cholestasis
0,1,1,0,0,1,0,1,0,0,0,1,1,0,1,1,1,1,0,1,0,1,1,1,1,0,0,0,0,1,Malaria
1,0,0,1,1,0,0,0,1,1,0,1,1,1,1,1,1,0,1,1,0,0,0,0,0,0,1,0,0,1,Allergy
1,0,0,0,0,0,0,1,0,0,1,1,1,0,0,0,1,0,1,0,0,1,1,1,1,1,0,1,1,0,AIDS
0,0,0,0,1,0,1,0,1,0,0,1,0,0,1,1,1,1,0,1,1,1,0,0,0,0,1,0,0,0,GERD
0,0,1,1,0,0,1,1,0,1,0,1,1,0,0,1,1,0,0,0,1,1,1,0,1,1,0,0,1,0,Peptic ulcer disease
0,0,1,0,1,1,1,1,0,1,0,1,1,1,1,1,1,0,0,0,0,0,0,0,1,0,1,1,1,0,Peptic ulcer disease
0,0,0,1,0,1,1,0,1,1,1,1,0,0,1,1,1,1,0,0,1,1,1,1,1,1,0,1,0,1,Peptic ulcer disease
1,0,1,1,1,0,0,0,0,1,0,0,0,0,0,1,0,1,1,1,0,1,1,1,0,0,1,1,1,1,Diabetes
0,1,0,1,0,0,1,1,0,0,1,0,1,1,0,1,1,0,0,1,1,1,1,1,1,1,0,1,1,1,Fungal infection
0,0,1,1,1,0,0,1,1,0,1,1,1,1,1,0,0,1,0,1,1,0,0,0,1,1,0,1,0,0,Drug Reaction
0,0,1,0,1,0,1,0,1,1,0,1,1,1,0,1,1,1,0,0,0,0,1,0,0,0,0,0,1,0,Fungal infection
1,0,0,0,0,0,0,1,1,0,0,0,0,1,0,0,1,1,1,0,1,0,1,0,1,0,1,0,0,1,Fungal infection
0,0,1,1,0,0,0,1,1,0,1,0,0,0,0,0,0,1,1,0,0,1,1,1,1,0,1,0,0,0,GERD
1,1,1,0,1,0,1,1,0,1,1,1,1,1,0,1,1,1,1,1,0,1,0,0,0,0,0,1,1,1,GERD
0,1,0,1,0,0,1,0,1,1,0,0,0,1,1,1,0,1,0,0,0,1,0,0,1,1,0,0,0,0,Diabetes
0,0,0,0,1,0,1,0,1,1,1,0,0,0,0,0,1,0,1,1,0,1,1,1,1,0,0,1,1,0,Diabetes
1,1,0,1,0,0,0,1,0,0,1,1,0,1,0,0,0,1,1,1,1,1,0,0,0,0,0,0,0,1,Peptic ulcer disease
0,1,1,0,0,1,0,0,0,0,1,0,1,0,0,0,1,1,1,0,0,1,0,0,0,1,1,1,0,1,AIDS
1,0,1,1,0,1,0,0,0,0,0,1,0,0,0,0,1,1,1,1,0,0,1,1,1,1,0,0,1,1,Diabetes
1,0,1,1,0,0,0,1,0,0,1,0,0,1,0,1,0,0,0,0,0,1,0,1,0,0,1,1,1,1,Common Cold
1,0,1,0,1,1,1,0,0,0,1,0,0,1,0,1,1,0,0,1,0,1,1,0,1,1,1,1,0,0,GERD
1,0,0,1,1,1,1,1,1,0,1,1,0,0,0,1,1,0,1,0,1,1,1,0,0,1,0,1,1,1,AIDS
1,1,0,0,0,0,1,0,0,0,0,0,1,0,0,1,1,0,1,0,1,0,0,1,1,0,0,1,1,1,Fungal infection
1,0,1,1,0,1,0,0,0,0,0,0,1,0,0,1,0,0,1,0,1,1,0,0,1,1,1,0,0,1,Drug Reaction
1,1,0,1,1,1,0,1,1,1,1,1,1,1,1,1,1,1,1,1,0,0,1,0,0,1,1,1,1,0,Allergy
0,0,1,0,1,0,1,1,0,0,0,1,1,1,0,0,0,0,1,0,0,0,1,1,1,0,0,1,0,1,Common Cold
1,1,0,1,1,1,0,0,1,1,1,0,0,1,0,1,0,1,0,1,1,0,0,1,0,1,0,0,1,0,Diabetes
0,1,0,0,0,0,0,1,0,0,0,1,1,1,1,1,1,1,0,0,0,1,0,0,0,0,0,1,1,1,Allergy
0,0,0,0,0,1,0,1,1,0,0,1,0,0,1,1,0,1,0,0,0,1,1,0,1,0,0,0,1,1,Fungal infection
0,1,1,0,1,0,1,1,0,0,1,0,0,0,1,0,1,0,0,0,1,1,1,1,1,0,0,1,0,0,Diabetes
1,0,0,1,0,0,1,0,0,1,1,1,1,1,0,1,1,1,0,1,0,0,0,0,0,1,0,1,1,0,Chronic cholestasis
0,0,1,0,1,1,1,0,0,0,1,0,1,1,0,1,0,1,0,1,1,1,0,0,0,1,1,0,1,0,Malaria
0,1,0,1,1,1,0,0,1,0,0,1,1,1,0,0,0,0,0,1,0,0,0,1,1,0,1,0,0,1,GERD
1,0,1,0,1,1,0,0,0,1,1,1,1,0,0,1,1,1,1,1,0,0,0,1,1,1,1,1,1,0,Malaria
1,0,1,1,0,0,1,0,0,1,1,1,0,0,1,0,1,1,1,0,1,0,0,1,1,1,1,0,0,0,Diabetes
1,0,1,0,0,0,0,1,0,1,1,0,1,0,0,0,1,1,0,0,0,1,1,1,1,0,0,0,0,1,AIDS
1,1,0,0,0,1,1,0,0,0,0,0,1,1,1,1,1,0,0,0,0,0,0,0,1,1,0,0,0,1,Peptic ulcer disease
1,0,1,0,1,1,0,1,1,0,0,0,0,1,0,1,1,1,1,1,1,1,0,1,1,0,0,0,1,1,Malaria
0,1,1,1,1,1,0,0,0,0,0,0,1,0,1,0,0,0,0,1,0,1,1,1,0,0,0,1,1,0,Peptic ulcer disease
0,0,1,1,1,0,0,1,1,1,0,1,0,1,0,0,0,1,1,0,1,0,0,0,1,1,0,0,0,0,Peptic ulcer disease
0,0,0,0,1,1,1,1,1,0,1,1,1,0,0,0,1,0,1,1,0,0,0,0,0,0,0,0,1,0,Drug Reaction
0,1,1,0,0,1,0,1,0,1,0,1,0,0,0,0,1,0,1,0,1,1,1,0,1,1,0,0,1,1,Allergy
0,1,1,0,0,1,1,0,0,0,0,0,0,0,0,0,1,0,1,0,1,1,1,1,1,1,0,0,1,0,Chronic cholestasis
0,0,0,1,0,0,0,0,1,1,1,1,0,1,0,1,1,0,1,0,0,0,1,1,0,1,0,1,1,1,AIDS
0,1,0,0,0,0,0,1,0,1,1,0,0,0,1,0,0,0,0,0,0,1,1,1,1,0,0,1,0,0,Chronic cholestasis
0,1,0,0,1,0,1,1,0,0,0,1,0,1,1,1,0,0,1,1,0,0,0,1,0,1,0,1,0,1,Common Cold
1,1,0,1,0,0,1,0,1,1,0,0,1,1,0,1,1,1,1,0,1,0,1,0,0,0,1,0,1,0,Common Cold
1,0,1,0,0,0,1,1,0,0,0,1,1,0,1,1,1,1,0,1,0,1,1,0,0,1,0,0,1,1,Allergy
1,0,0,0,1,0,0,1,1,0,1,0,0,0,1,0,0,1,0,1,1,1,0,0,1,1,1,1,0,0,GERD
0,1,1,0,0,1,0,1,0,0,1,0,0,1,1,1,0,0,0,1,0,1,0,0,1,0,0,0,0,0,Chronic cholestasis
0,0,0,1,0,0,0,1,0,1,0,1,1,0,0,1,1,0,0,0,1,1,1,0,0,0,0,0,0,1,Malaria
0,0,0,0,0,1,0,1,1,0,0,1,0,0,0,0,1,1,0,1,1,0,0,1,0,1,1,1,1,0,Peptic ulcer disease
1,1,0,1,0,0,1,0,0,1,0,1,1,1,1,1,1,1,1,0,0,0,1,1,1,0,1,0,0,1,Chronic cholestasis
1,1,0,0,1,1,0,0,0,1,1,1,0,1,1,0,1,1,1,0,1,1,0,0,0,1,0,0,1,0,Malaria
0,1,1,1,1,0,0,1,0,0,1,1,1,1,1,0,0,0,1,1,1,0,1,1,1,0,1,1,1,0,GERD
0,0,1,1,0,1,0,0,0,1,1,0,0,1,1,0,1,0,0,0,1,1,1,1,0,1,1,1,0,0,Peptic ulcer disease
0,0,0,0,0,1,0,1,1,0,0,1,0,1,1,0,1,0,1,0,1,1,0,1,0,1,0,0,1,0,GERD
0,0,0,0,0,1,1,0,1,1,0,1,0,0,0,0,1,1,1,1,1,0,1,0,1,0,1,1,0,1,GERD
1,0,1,1,1,0,0,1,0,1,1,1,1,0,1,1,0,1,0,0,1,0,1,0,0,0,0,0,0,1,AIDS
0,0,1,1,1,0,0,0,0,0,0,1,1,1,0,0,0,1,0,0,0,1,1,0,1,1,0,0,1,0,Common Cold
0,0,0,0,0,0,1,1,0,0,1,1,0,1,0,1,1,0,1,0,1,1,1,0,1,1,1,1,0,1,Drug Reaction
0,1,0,1,0,1,0,1,1,1,1,0,1,1,1,1,0,1,0,1,1,1,0,0,1,0,1,1,0,0,Chronic cholestasis
1,0,1,1,0,0,1,0,1,0,0,0,1,1,1,0,0,0,0,1,0,1,1,1,0,0,0,1,0,1,Allergy
1,1,1,0,0,1,1,1,0,0,0,1,0,0,1,0,1,1,0,1,1,0,1,0,1,1,1,0,0,0,Allergy
0,0,1,1,1,0,1,1,1,1,1,0,0,1,0,1,1,0,1,0,0,0,0,1,1,1,1,1,0,0,Malaria
0,0,1,1,1,1,0,1,1,0,1,0,0,1,1,0,1,0,0,0,0,0,1,0,1,0,0,1,0,1,Allergy
0,1,0,0,1,1,1,0,1,1,0,1,0,1,1,0,1,0,1,0,0,0,1,1,1,0,0,0,0,0,Chronic cholestasis
0,1,1,0,0,1,0,1,0,1,0,1,1,1,1,0,0,0,1,0,1,0,0,1,0,0,0,1,0,1,Drug Reaction
0,0,1,0,0,1,1,1,0,1,1,0,0,0,1,0,1,1,0,0,1,1,1,1,1,1,1,1,0,0,Diabetes
0,0,1,1,0,1,0,0,0,1,0,1,0,1,0,0,1,1,0,0,1,1,0,1,1,1,0,1,1,1,Drug Reaction
1,1,1,0,0,1,0,1,1,0,0,0,0,1,0,0,0,0,0,0,0,1,1,0,0,0,1,0,1,1,Malaria
1,0,0,0,0,0,0,0,0,1,0,1,0,0,1,1,0,0,0,1,1,0,0,0,1,1,0,1,0,1,Peptic ulcer disease
0,1,0,0,0,1,0,0,0,0,0,1,1,1,1,1,1,1,1,0,0,0,0,1,0,1,0,1,0,1,Diabetes
1,1,1,1,1,1,0,0,1,0,0,1,0,0,1,1,0,0,0,1,1,0,1,1,0,1,0,1,0,0,Fungal infection
1,0,0,0,0,1,1,1,1,0,1,1,0,1,0,1,0,0,0,1,1,1,1,0,0,0,1,1,1,1,Fungal infection
0,0,0,1,0,1,0,0,1,0,1,1,1,0,1,0,1,0,0,0,1,1,1,1,0,0,0,0,0,0,Peptic ulcer disease
0,0,0,1,1,1,1,1,1,1,0,0,0,1,1,1,1,1,0,0,0,0,1,0,0,0,0,1,1,1,Diabetes
0,0,0,0,0,1,0,0,1,1,0,1,0,0,1,0,1,1,0,1,0,0,1,0,0,0,1,1,1,1,Malaria
0,0,1,0,0,1,0,0,1,1,0,0,1,1,0,0,0,0,0,1,1,1,0,0,1,0,0,0,1,0,Drug Reaction
1,0,1,1,0,1,1,1,0,0,1,0,1,1,0,0,0,0,1,0,1,0,1,1,1,0,1,1,0,0,Peptic ulcer disease
1,0,1,1,1,1,1,0,0,1,1,0,1,1,1,0,1,0,0,0,0,1,1,1,1,0,0,0,1,0,Malaria
1,1,1,1,0,1,0,0,1,1,1,1,1,1,0,1,0,1,0,1,0,0,1,1,0,0,0,0,1,1,Malaria
0,1,0,0,1,0,1,1,1,0,0,0,0,0,0,1,0,1,0,1,0,1,0,0,0,0,1,0,1,1,GERD
1,0,0,1,0,0,1,0,1,0,1,1,0,1,1,1,0,1,1,1,0,0,0,1,1,1,0,0,1,1,Diabetes
1,1,0,0,0,0,1,0,1,1,0,1,1,0,0,0,1,0,0,0,1,1,1,0,1,0,0,1,1,0,Allergy
0,1,1,1,0,0,0,0,0,1,0,1,0,0,0,0,1,1,1,0,0,1,1,0,1,1,1,0,1,0,Peptic ulcer disease
0,1,1,0,0,1,0,1,0,1,0,0,0,0,0,1,0,0,0,0,0,0,1,1,0,0,0,1,0,0,Drug Reaction
0,1,0,1,0,0,1,1,1,1,0,0,1,0,0,0,1,0,0,1,0,1,1,0,1,0,0,0,1,0,Chronic cholestasis
0,1,0,0,0,1,0,0,1,1,1,1,1,1,1,0,1,0,1,0,0,0,1,1,1,0,0,0,1,0,Malaria
1,1,1,0,1,0,1,1,0,0,1,1,0,1,0,0,0,0,1,1,1,1,0,0,0,1,1,0,1,1,GERD
1,1,1,1,1,0,0,0,0,0,0,0,0,0,1,0,1,1,0,0,0,0,1,0,0,1,0,0,1,0,Malaria
0,0,0,0,1,1,0,1,1,0,0,0,1,0,1,0,0,1,1,0,0,0,0,1,0,1,0,0,0,1,GERD
1,0,0,1,1,0,1,0,1,1,0,0,0,1,0,1,1,1,1,0,0,1,1,0,0,1,0,0,0,1,AIDS
0,0,0,0,0,1,1,1,1,0,1,0,0,0,1,0,0,1,1,1,1,1,1,0,1,1,0,1,1,1,Common Cold
1,1,1,0,0,1,0,0,1,0,0,1,1,0,1,0,0,0,0,1,1,0,0,1,0,0,1,1,1,1,Peptic ulcer disease
0,0,1,0,0,1,1,1,0,1,0,1,0,1,1,0,0,0,1,1,0,0,1,1,0,1,0,1,1,1,Drug Reaction
0,0,1,1,1,1,0,0,1,0,1,1,1,1,0,1,0,0,1,1,1,1,0,0,0,0,1,0,1,0,Malaria
0,1,0,0,1,0,0,1,1,0,1,1,1,1,0,0,1,1,1,0,0,1,0,0,1,1,1,1,1,1,GERD
0,0,0,1,0,0,0,1,1,0,0,1,0,1,0,0,1,0,0,1,0,0,0,0,0,1,0,0,0,1,Chronic cholestasis
0,0,1,0,0,0,0,1,0,0,0,1,0,0,0,1,0,0,0,0,1,1,1,0,1,0,0,0,1,0,AIDS
0,0,0,1,1,1,0,0,0,1,0,0,0,0,1,1,0,1,1,0,0,0,1,1,1,1,1,0,0,0,Allergy
0,0,0,0,0,1,0,1,1,0,0,0,0,1,1,1,0,0,0,1,1,1,0,1,0,0,1,0,1,1,Common Cold
0,0,0,0,1,0,1,0,1,0,1,0,0,1,1,1,0,0,1,0,1,1,0,1,0,0,0,1,1,1,Malaria
1,1,1,0,0,0,0,1,1,0,0,1,1,1,1,1,1,0,1,1,1,1,0,1,0,1,1,0,1,1,GERD
1,0,0,0,0,0,1,1,1,1,1,1,1,0,0,1,1,1,1,0,0,0,1,1,0,1,0,0,0,1,Peptic ulcer disease
1,0,1,0,0,1,1,1,1,1,0,1,1,1,1,1,0,0,1,1,1,0,1,1,1,0,0,0,0,0,Fungal infection
0,1,0,0,0,0,0,0,0,1,0,1,0,0,0,1,0,0,0,1,0,1,0,1,1,1,1,0,1,0,Malaria
1,1,1,0,1,1,1,0,0,1,1,0,0,0,1,0,0,0,1,1,1,1,0,1,1,0,0,0,0,0,AIDS
1,1,0,0,1,0,1,1,0,0,0,1,1,1,1,0,0,0,1,0,0,0,0,0,1,1,1,0,0,0,Chronic cholestasis
1,0,0,0,0,0,1,0,0,1,1,0,1,0,1,0,1,1,1,0,1,0,1,1,1,1,0,0,0,1,Peptic ulcer disease
1,1,0,0,0,1,0,1,0,1,1,1,0,0,1,1,0,0,0,0,0,0,1,0,1,0,1,0,1,1,Common Cold
0,1,0,1,0,1,1,0,1,0,1,1,0,0,1,1,0,1,0,1,1,0,0,1,1,1,1,0,0,1,Allergy
0,1,1,1,1,1,1,0,0,0,0,0,0,0,0,0,0,0,0,0,0,1,0,1,0,0,1,0,0,0,Allergy
1,0,0,1,1,1,0,0,1,1,1,0,0,0,0,1,1,1,0,0,0,1,0,0,1,0,1,0,1,1,AIDS
0,0,0,0,0,0,0,1,1,1,1,0,1,1,1,1,0,1,0,1,0,1,0,1,0,1,0,0,0,0,Allergy
1,0,1,0,0,1,1,1,0,1,1,1,0,0,1,1,0,0,0,1,1,0,0,1,1,1,1,1,0,1,Peptic ulcer disease
1,1,0,0,0,0,1,1,1,1,1,0,1,1,0,1,0,1,1,1,0,1,0,1,1,1,1,0,0,1,Fungal infection
0,0,1,0,1,1,0,0,1,1,1,0,0,1,0,0,1,0,0,1,1,1,1,1,0,1,0,0,1,1,Malaria
1,1,1,1,1,1,1,1,0,0,0,1,1,0,0,0,1,1,1,0,1,1,1,1,0,0,0,1,0,0,GERD
1,1,1,1,0,0,1,1,1,1,0,0,0,0,0,0,1,0,1,0,0,1,0,0,0,1,0,1,0,0,GERD
0,0,0,1,1,0,0,0,0,0,0,1,0,0,1,0,0,0,1,0,0,1,1,1,1,0,0,1,1,1,Malaria
0,0,0,1,0,0,1,0,0,0,1,1,0,0,0,1,1,1,0,1,1,0,1,0,1,0,1,0,1,1,Common Cold
1,0,1,1,0,0,0,0,0,1,1,0,0,1,1,1,0,0,0,1,0,1,0,0,0,0,0,0,0,1,Allergy
0,0,0,1,1,0,0,1,1,0,1,1,0,0,0,1,0,1,0,0,1,0,0,0,0,1,0,1,0,0,Allergy
1,0,1,0,0,0,1,1,0,1,1,1,1,0,1,1,1,0,1,1,1,0,1,0,0,0,1,0,0,0,Fungal infection
1,0,0,0,0,0,1,1,0,1,0,0,1,0,1,1,0,1,1,0,1,1,0,1,0,0,0,1,0,1,Drug Reaction
0,1,0,0,1,0,1,1,1,0,0,1,1,0,0,1,1,1,0,0,0,1,1,0,1,1,1,0,1,1,Diabetes
0,0,1,1,1,0,0,0,1,0,1,0,1,0,1,0,1,0,1,0,1,1,1,0,0,1,0,0,1,1,AIDS
0,0,1,1,0,1,0,0,1,0,0,0,1,1,0,0,0,0,1,1,0,1,1,0,1,1,1,1,0,1,AIDS
1,1,0,0,1,1,1,1,1,1,1,0,0,0,1,0,0,1,1,0,1,0,0,1,0,1,0,0,0,1,Malaria
1,1,1,0,0,0,1,0,0,1,1,1,0,0,1,1,1,1,0,0,1,1,0,0,1,1,0,0,1,1,GERD
1,0,1,0,0,0,0,0,1,1,0,1,0,1,1,1,1,1,0,0,0,0,0,0,1,0,0,0,1,1,AIDS
0,0,1,1,0,0,0,1,0,1,0,1,0,1,1,1,0,0,0,0,0,1,0,0,1,1,1,1,0,0,Common Cold
0,1,1,0,0,1,1,0,0,0,1,1,0,1,0,0,1,1,1,1,1,0,1,0,0,1,0,1,0,0,Chronic cholestasis
0,1,1,1,0,0,0,0,0,1,1,1,1,1,1,0,0,1,1,1,0,0,1,1,0,0,0,0,0,0,Chronic cholestasis
1,1,1,1,0,0,0,0,0,1,1,0,1,0,0,1,0,1,0,0,0,0,1,0,0,1,1,0,1,1,GERD
0,0,1,0,1,1,0,0,0,0,0,1,0,0,1,1,0,0,0,1,1,0,0,1,0,1,0,0,1,0,AIDS
0,0,0,0,1,0,0,0,0,0,1,1,0,1,1,0,1,0,1,1,0,1,0,0,0,1,1,1,1,0,Allergy
0,0,0,1,0,0,1,1,1,1,0,0,0,1,0,1,1,0,1,0,1,0,0,0,0,1,1,0,1,1,AIDS
0,1,0,1,0,0,1,1,1,0,0,0,1,1,1,1,1,0,1,0,0,1,1,0,0,0,1,1,1,0,Peptic ulcer disease
1,0,1,0,1,0,1,1,0,0,1,0,1,1,1,1,0,0,0,1,1,0,0,1,1,1,1,1,0,0,Peptic ulcer disease
1,0,1,1,0,0,1,0,0,1,1,1,0,0,0,0,0,0,0,1,1,1,0,1,0,0,1,0,0,1,Allergy
0,0,1,1,1,0,0,1,1,1,1,1,0,1,0,1,0,1,0,1,0,0,1,0,0,1,0,1,1,0,Diabetes
0,1,1,0,1,1,1,1,0,0,1,0,0,0,0,1,0,1,1,0,1,0,1,1,1,1,0,1,1,0,Chronic cholestasis
1,0,0,0,0,0,1,0,1,1,0,0,1,1,0,1,1,0,0,1,0,0,1,0,1,1,1,0,0,0,Allergy
0,0,1,1,1,0,0,0,0,0,0,0,1,0,0,1,1,1,1,0,0,1,1,1,1,0,1,1,0,0,Common Cold
0,1,0,0,1,1,0,1,0,0,0,0,1,0,1,0,0,0,1,0,1,0,1,1,1,1,0,0,1,0,GERD
0,1,1,0,0,1,0,1,1,1,0,0,1,1,1,1,1,0,0,0,0,0,1,1,0,1,1,0,1,0,Drug Reaction
0,0,1,1,1,1,0,0,1,1,0,0,1,0,0,1,0,1,1,1,1,0,1,0,1,0,0,1,0,1,GERD
0,0,0,1,0,0,0,1,0,0,0,1,1,0,0,0,1,0,1,1,1,1,1,0,1,1,1,1,0,0,Allergy
1,0,1,1,1,0,0,1,1,0,1,1,0,0,1,0,0,0,1,0,1,1,0,1,0,1,0,0,1,1,Peptic ulcer disease
1,1,0,0,0,0,0,0,0,0,0,0,1,0,0,1,0,1,0,1,0,0,1,0,0,1,1,0,0,0,Malaria
1,0,1,1,1,0,0,0,0,1,0,0,1,0,1,0,0,1,0,1,0,0,0,1,0,0,1,1,0,0,Drug Reaction
1,0,1,0,1,1,0,1,0,1,1,1,0,0,1,0,1,1,1,1,1,1,0,1,1,1,1,0,0,1,Drug Reaction
0,0,1,0,0,1,0,1,0,1,0,0,1,1,0,1,1,0,1,1,0,0,0,0,1,1,0,0,0,0,AIDS
0,0,1,0,1,1,0,0,1,1,0,1,0,1,1,0,1,1,1,1,1,1,1,0,1,0,0,0,1,1,GERD
1,1,1,1,0,0,1,0,0,1,1,1,0,0,1,1,0,1,0,0,1,1,1,1,0,1,1,0,1,1,Peptic ulcer disease
1,0,0,0,1,0,0,1,1,0,1,1,0,1,0,1,1,1,0,0,0,1,1,0,1,1,0,1,0,0,AIDS
0,1,1,0,0,0,1,1,1,0,0,1,1,1,1,0,0,1,0,0,1,0,0,0,1,1,1,0,0,1,Chronic cholestasis
0,1,1,0,0,1,0,1,0,0,1,0,1,0,1,0,0,0,1,1,0,1,0,0,1,1,1,1,0,0,Common Cold
0,1,1,1,0,0,0,1,0,0,0,1,0,0,0,1,0,1,0,1,1,0,1,1,1,0,0,1,0,0,Common Cold
0,1,0,0,1,1,0,0,0,1,0,0,1,1,0,1,1,1,0,0,1,0,0,1,0,1,0,1,0,1,Diabetes
0,1,0,0,1,0,1,0,1,1,0,1,1,0,0,1,1,1,0,0,0,1,0,1,0,1,1,0,0,0,AIDS
1,1,0,0,0,1,1,1,1,1,0,0,1,0,0,1,0,1,0,1,0,0,0,1,0,1,1,1,1,0,Allergy
0,0,1,1,1,0,1,0,1,1,0,0,1,0,1,1,1,1,0,1,0,1,0,0,0,1,1,1,0,1,Malaria
0,1,0,0,1,1,0,0,1,1,0,1,1,0,1,1,1,0,1,0,1,1,1,1,0,0,0,1,0,0,Fungal infection
0,1,0,1,1,1,0,0,1,0,1,1,1,0,0,1,0,1,1,0,0,1,0,1,0,1,0,1,1,1,Fungal infection
0,1,1,0,0,0,1,0,1,1,1,0,1,1,0,1,1,1,1,0,1,0,1,0,1,0,0,0,1,1,Chronic cholestasis
0,1,1,1,1,1,0,1,1,1,1,1,0,1,0,1,1,0,1,0,0,0,1,1,0,0,0,0,0,1,Fungal infection
1,1,1,1,1,0,1,1,0,1,1,1,0,0,1,1,0,0,1,0,1,0,1,0,1,0,1,1,1,0,Allergy
1,0,0,1,0,1,1,0,0,1,1,1,1,1,1,1,1,0,1,1,0,1,0,0,1,0,1,0,0,0,Drug Reaction
1,0,1,0,0,1,1,0,1,0,0,1,0,1,0,0,0,1,1,0,1,0,1,0,1,0,0,0,0,0,Malaria
1,1,0,1,0,0,1,0,1,0,1,0,0,0,1,1,1,0,1,1,0,1,0,0,0,0,0,1,1,1,Drug Reaction
1,1,0,1,0,0,1,1,0,0,1,1,1,0,1,0,1,1,1,0,1,1,1,0,1,1,1,0,1,1,GERD
0,1,0,0,0,0,1,0,1,1,0,0,0,0,0,1,1,0,1,0,0,1,0,1,0,0,1,1,0,1,Allergy
0,0,1,1,0,0,1,0,1,0,1,0,0,1,1,1,1,1,0,1,0,1,1,0,1,1,1,0,1,1,Peptic ulcer disease
0,1,0,0,1,1,0,1,0,0,0,1,0,0,1,0,0,0,0,1,0,1,1,1,0,1,0,1,0,0,Diabetes
0,0,0,0,1,1,0,1,0,0,1,0,0,1,0,1,0,1,0,1,0,1,1,0,0,0,0,0,0,1,Drug Reaction
1,0,0,0,0,1,1,0,0,1,0,0,1,0,0,1,0,1,0,0,1,1,1,1,1,1,1,1,0,1,Allergy
1,0,0,1,0,0,0,1,0,1,0,0,0,1,0,1,0,0,1,0,1,1,0,0,1,0,1,1,1,0,AIDS
1,1,0,0,1,1,0,0,0,0,1,1,0,1,1,1,1,0,1,0,0,1,1,1,1,1,0,1,1,1,Fungal infection
1,0,1,0,0,0,0,1,0,0,1,0,0,0,0,0,1,1,0,1,1,1,1,0,0,0,0,0,1,0,Drug Reaction
1,0,0,0,0,1,0,1,1,0,0,0,1,1,0,0,0,0,0,1,0,0,1,0,0,1,0,1,1,0,Allergy
0,0,1,0,0,1,1,0,0,1,1,1,1,1,1,0,0,0,1,0,0,1,0,1,1,1,0,1,0,0,Peptic ulcer disease
0,0,1,0,1,1,1,1,0,1,0,1,0,0,1,1,1,0,0,0,1,0,1,1,0,1,0,1,1,0,Chronic cholestasis
1,0,0,0,1,1,1,1,0,0,1,1,0,0,0,0,0,0,1,1,0,0,1,0,1,1,1,0,1,1,Chronic cholestasis
1,1,1,1,1,0,1,0,0,0,1,1,0,0,0,0,0,0,1,1,0,1,1,1,0,1,1,0,0,1,Common Cold
0,0,1,0,1,1,1,0,1,0,1,1,0,1,0,1,0,1,0,0,0,1,0,0,1,0,0,0,0,0,Diabetes
1,1,0,1,0,1,1,1,1,0,1,0,1,1,0,1,0,1,1,1,1,0,1,0,0,1,1,1,0,1,Fungal infection
0,0,1,1,1,1,0,0,1,0,1,1,1,1,0,0,0,1,1,0,0,0,0,1,0,0,0,1,0,1,Chronic cholestasis
1,0,0,1,1,1,1,1,1,0,0,0,0,0,1,1,0,1,1,0,0,1,0,0,1,0,1,1,0,1,GERD
0,1,1,1,1,1,0,0,0,1,0,1,1,0,1,1,0,1,0,0,0,0,0,1,1,0,1,0,0,1,AIDS
1,1,0,0,0,1,1,0,1,1,1,0,1,0,0,0,0,1,0,1,0,0,1,1,1,1,0,1,1,1,Malaria
0,0,0,1,0,0,1,0,1,1,0,1,0,0,1,1,1,1,0,0,0,1,1,0,0,1,0,0,0,1,Peptic ulcer disease
0,1,1,1,1,0,1,1,0,1,1,1,0,1,0,1,1,0,1,1,0,0,1,1,0,1,0,0,1,1,Fungal infection
1,0,0,1,1,0,1,0,0,0,1,0,1,1,1,0,0,0,1,0,0,1,1,1,1,0,0,1,1,0,Fungal infection
1,1,0,0,0,1,1,1,1,1,0,0,1,1,1,0,0,0,1,0,1,0,1,0,0,0,0,1,0,0,Common Cold
0,1,1,1,1,0,1,0,0,1,1,0,1,0,0,1,1,0,1,0,0,0,0,0,1,1,0,0,1,0,Peptic ulcer disease
1,0,1,1,0,1,0,0,1,0,0,1,1,0,0,0,0,1,1,1,0,0,0,1,1,0,1,0,1,1,Fungal infection
0,1,1,1,0,1,0,1,0,1,0,1,1,0,1,0,0,1,1,1,0,1,1,1,1,1,1,1,0,0,Diabetes
1,1,0,1,1,0,0,1,1,1,1,0,0,0,0,0,1,1,0,0,1,0,0,0,0,1,1,1,0,0,Common Cold
0,0,0,1,1,1,1,1,1,1,0,0,1,0,1,1,0,0,1,0,1,1,1,1,1,1,0,1,1,1,Drug Reaction
1,0,0,1,1,1,0,1,0,1,0,1,1,0,1,0,0,1,1,1,1,0,0,0,1,1,1,0,0,1,Drug Reaction
0,1,0,1,0,1,0,1,1,1,0,1,1,1,0,1,0,1,0,0,0,0,0,0,0,1,1,0,0,0,Chronic cholestasis
1,1,0,1,1,1,0,1,1,1,1,1,0,1,1,1,0,1,1,1,1,0,0,1,1,0,0,0,1,0,AIDS
1,0,0,0,0,1,0,1,1,0,0,1,0,1,0,1,0,0,1,1,1,0,1,0,1,0,0,0,1,0,Chronic cholestasis
0,1,0,0,1,0,1,0,0,1,0,1,0,0,1,1,1,1,1,1,1,0,0,1,0,1,0,0,0,0,Malaria
1,0,0,0,1,1,0,1,0,1,1,0,0,1,0,0,1,0,0,1,1,1,1,0,0,1,1,1,1,0,Diabetes
0,0,1,1,1,0,1,1,1,0,0,0,0,1,0,0,1,1,0,1,0,1,1,0,0,1,1,0,0,0,Common Cold
0,0,0,1,0,0,1,0,1,0,1,0,1,0,0,1,1,0,0,1,1,1,1,1,1,0,1,1,1,0,Allergy
0,0,1,1,0,0,1,1,0,1,0,0,0,0,0,0,1,0,1,1,1,1,1,1,1,1,1,0,0,0,Allergy
1,0,0,0,1,0,1,1,0,0,0,0,0,0,0,0,0,0,0,0,0,0,1,1,0,0,1,0,0,1,Common Cold
1,1,0,1,1,0,1,1,0,0,0,1,0,0,1,1,1,0,0,0,0,0,1,1,0,1,1,1,1,0,Fungal infection
0,0,1,0,1,0,1,0,1,1,1,1,0,0,1,0,0,0,0,0,0,1,0,0,0,0,0,1,1,0,Allergy
1,0,0,1,0,1,1,1,0,1,0,0,1,1,0,0,0,0,1,0,0,0,1,0,0,1,1,0,0,0,Malaria
0,1,0,1,0,1,0,0,1,1,0,0,0,1,0,0,0,1,1,0,1,1,1,1,1,0,1,0,0,0,GERD
0,0,0,1,0,1,0,0,1,0,0,1,0,1,1,0,1,1,1,0,1,1,1,0,1,1,0,0,1,1,Chronic cholestasis
0,0,1,0,0,0,1,0,1,1,1,0,1,0,0,1,1,1,1,0,0,1,0,1,1,1,0,0,1,0,GERD
1,0,1,0,1,1,1,0,1,1,0,0,0,1,1,0,1,1,1,0,1,1,0,0,1,0,0,0,1,0,Fungal infection
1,1,0,0,1,0,1,0,1,0,0,0,0,0,0,1,1,0,1,1,0,1,0,1,0,0,1,0,1,0,Drug Reaction
0,1,1,1,1,1,0,0,0,1,0,1,0,0,0,1,0,1,0,0,1,0,1,0,1,0,0,1,1,0,Common Cold
1,1,1,1,0,0,0,0,1,0,0,1,1,1,0,1,0,0,1,1,1,0,1,0,1,0,1,1,1,1,Allergy
1,1,0,1,0,1,0,1,1,0,0,1,1,1,1,0,1,0,1,0,1,1,1,1,1,1,1,0,0,1,GERD
1,0,1,0,1,0,1,1,0,1,0,1,1,0,0,1,0,1,0,1,1,0,0,1,1,1,1,1,0,0,Drug Reaction
1,1,0,0,0,1,1,1,0,0,0,1,0,1,1,0,0,0,1,1,0,0,1,1,0,0,0,0,1,1,Allergy
0,1,0,1,1,1,1,1,0,1,0,1,1,0,0,1,0,1,1,0,0,1,1,1,0,1,1,1,0,1,GERD
1,1,0,0,1,0,1,0,0,0,1,0,0,1,1,1,0,0,0,1,1,1,1,0,0,0,1,0,0,1,AIDS
0,1,1,1,1,0,0,0,0,0,1,1,1,0,1,0,0,0,0,1,1,0,1,0,1,1,0,0,0,1,Peptic ulcer disease
1,0,0,1,1,0,1,0,0,1,0,0,0,0,0,1,0,1,1,0,0,0,0,1,1,0,1,0,1,0,Malaria
0,1,0,1,0,1,0,1,0,0,1,0,0,1,0,1,1,1,1,0,0,1,0,1,1,1,0,1,1,0,Fungal infection
0,1,1,0,0,1,1,1,1,0,0,0,1,0,1,0,0,1,1,0,1,0,1,1,1,1,1,1,0,1,Drug Reaction
1,0,0,1,1,0,0,0,1,1,1,0,0,1,1,0,1,0,1,1,1,1,0,0,0,0,1,0,1,1,Chronic cholestasis
1,0,0,1,0,0,1,0,1,0,1,1,1,0,1,0,1,0,0,0,0,0,0,1,0,1,0,0,1,0,Diabetes
1,0,1,1,0,0,1,0,0,1,0,0,1,1,0,0,0,0,0,1,1,1,1,1,0,1,0,1,0,1,Diabetes
1,1,0,0,0,0,0,1,1,1,1,1,0,1,0,1,1,1,1,0,1,0,0,1,1,1,0,1,1,1,Fungal infection
0,0,0,1,0,0,0,0,0,1,1,0,0,0,0,1,1,1,0,1,0,1,0,0,0,0,1,0,0,0,GERD
1,0,1,0,0,0,0,1,0,0,0,0,1,1,1,1,0,1,1,0,1,0,0,0,0,0,0,1,1,0,Diabetes
1,1,0,1,0,1,0,1,1,0,1,1,0,1,1,0,1,1,0,1,0,0,0,1,0,0,1,0,0,0,GERD
1,0,1,0,1,1,0,1,0,0,0,1,0,1,0,0,0,0,1,0,1,0,0,1,1,1,0,1,1,0,Common Cold
0,0,1,1,1,0,0,0,0,1,0,0,1,0,0,0,1,1,0,0,1,1,1,0,1,1,1,1,1,1,Fungal infection
0,1,1,0,0,0,0,1,0,1,0,0,0,0,0,1,1,0,0,0,1,0,0,0,1,0,0,0,0,1,Chronic cholestasis
1,1,0,1,0,1,1,1,0,1,0,1,1,1,0,0,0,1,0,0,1,1,0,0,0,1,1,0,1,1,Common Cold
1,0,1,1,0,1,0,1,0,0,1,1,0,1,0,0,0,1,1,0,1,1,0,1,0,0,1,1,0,0,GERD
0,0,0,1,0,0,0,1,0,1,1,0,1,0,1,0,0,1,1,0,0,1,0,0,0,1,1,0,0,0,Malaria
0,0,0,1,0,0,0,0,1,1,0,1,0,0,1,1,0,0,1,0,0,0,1,1,1,1,1,0,0,1,Common Cold
0,0,1,1,1,0,0,1,1,0,1,0,1,0,0,0,0,1,1,0,1,0,1,1,1,0,1,1,0,1,Fungal infection
1,1,0,1,1,1,0,0,0,0,1,1,1,1,0,0,0,1,1,0,1,1,0,0,1,1,1,0,0,0,Chronic cholestasis
1,1,0,0,1,0,0,0,1,1,0,0,0,1,0,0,0,0,1,0,0,0,0,1,1,1,0,1,1,0,AIDS
1,0,0,0,0,1,1,0,0,1,0,1,0,1,0,0,0,0,0,1,1,0,0,1,0,1,1,1,1,1,Drug Reaction
0,0,1,1,1,1,1,1,0,0,0,1,1,0,1,1,0,0,1,1,1,0,1,1,0,1,1,1,1,0,Allergy
1,0,0,0,1,1,0,1,1,0,1,1,1,1,0,1,0,1,1,1,0,1,0,0,1,1,1,0,1,0,Common Cold
0,0,0,1,0,0,0,1,1,1,0,0,0,1,1,1,0,0,1,0,0,1,0,1,0,0,0,0,1,1,Peptic ulcer disease
1,0,1,0,1,1,1,0,1,1,0,1,0,1,0,0,1,0,1,1,1,1,0,1,1,0,1,0,0,1,Common Cold
0,0,1,1,0,1,1,1,1,1,1,0,0,1,1,1,1,1,0,0,0,1,0,0,0,1,1,1,0,1,Malaria
1,1,0,0,1,0,0,0,0,0,0,1,1,0,0,0,0,1,1,0,0,1,1,1,1,0,1,1,0,0,Common Cold
1,0,0,0,0,0,1,1,0,1,0,0,1,1,0,1,0,0,0,0,1,0,0,0,1,0,1,0,0,1,Diabetes
0,0,0,1,1,0,0,1,1,1,0,0,0,1,1,1,1,0,0,0,1,1,1,1,0,1,0,0,0,0,Diabetes
1,0,0,1,1,1,0,0,1,1,1,1,0,0,0,0,0,0,0,1,0,1,0,1,1,1,0,0,1,1,Malaria
0,1,1,0,0,1,0,1,1,1,1,1,1,1,0,0,0,1,0,1,1,0,0,1,1,1,1,1,1,1,Malaria
1,0,1,1,1,1,1,0,1,1,0,1,0,0,0,1,1,1,0,0,1,1,1,0,1,0,1,1,1,1,AIDS
1,1,0,0,1,1,1,0,0,0,1,1,1,1,0,0,0,0,0,0,0,1,0,1,1,1,0,1,1,0,GERD
1,1,1,0,0,1,1,0,0,1,1,1,1,1,1,0,0,1,1,1,1,1,0,1,1,1,1,1,1,1,Drug Reaction
1,1,0,0,0,1,1,0,1,1,0,0,0,1,1,0,0,0,1,1,0,0,0,1,1,1,0,1,0,1,Chronic cholestasis
1,0,1,1,1,0,0,0,1,1,1,1,1,1,0,1,0,1,0,1,0,0,0,0,0,0,0,1,1,1,Drug Reaction
0,0,0,0,1,0,1,0,0,1,1,0,1,1,1,0,0,0,1,1,1,1,0,1,0,0,1,1,0,1,Common Cold
1,1,0,0,0,1,1,0,0,0,0,0,1,0,1,0,0,1,0,0,1,0,0,0,0,1,1,1,0,1,Peptic ulcer disease
1,0,0,1,1,0,0,0,0,0,1,1,0,1,0,1,0,0,0,1,0,1,0,0,0,0,0,0,1,0,Peptic ulcer disease
0,0,0,1,0,1,0,1,1,0,0,0,1,0,0,0,1,1,0,0,1,1,1,1,0,1,1,1,1,1,Allergy
0,1,0,0,1,0,0,1,1,1,1,0,0,0,0,1,1,0,0,0,0,0,0,1,0,0,0,0,1,1,AIDS
1,1,1,0,0,1,0,0,0,0,0,1,1,0,1,0,1,0,0,1,0,1,0,1,0,0,1,0,1,1,Chronic cholestasis
1,1,0,1,1,0,0,1,0,0,0,1,0,1,0,1,1,0,0,0,1,0,1,0,0,0,0,1,1,0,Common Cold
1,0,0,1,0,0,1,0,1,0,0,0,1,1,0,1,0,1,1,0,0,0,1,0,1,0,1,0,0,0,Malaria
1,0,0,1,0,1,1,1,1,1,0,0,0,1,0,1,0,0,0,1,1,1,0,0,0,1,0,1,1,1,Allergy
0,1,0,0,0,1,1,1,1,0,0,1,1,0,0,1,0,1,0,1,1,1,0,1,0,0,0,0,1,1,Fungal infection
1,1,1,0,0,0,1,0,0,1,0,0,1,1,1,0,0,0,1,0,1,0,1,1,0,0,0,1,0,1,Malaria
1,1,1,1,0,0,1,1,0,0,0,1,0,0,1,0,1,1,0,0,0,0,1,0,1,0,1,1,0,0,GERD
1,0,1,0,0,0,0,0,1,0,0,1,0,0,0,1,0,1,0,1,0,0,1,1,1,1,0,0,0,0,Chronic cholestasis
0,1,1,1,0,1,0,1,0,0,0,0,0,0,0,1,1,1,0,0,0,0,1,1,1,0,1,0,0,1,Malaria
0,1,1,1,0,1,0,0,0,1,0,1,1,0,1,1,1,1,1,1,0,1,1,0,0,0,1,1,1,0,Common Cold
0,0,1,0,1,1,0,0,0,1,1,0,0,0,0,1,0,1,0,1,0,0,1,0,1,0,0,0,1,0,Common Cold
1,1,1,1,0,1,0,0,1,0,0,0,1,0,1,0,0,1,1,1,0,0,1,1,0,1,0,1,0,0,Allergy
0,1,1,1,0,0,1,1,1,1,0,0,0,1,1,0,0,1,1,0,0,1,1,1,0,0,1,1,1,1,Allergy
0,0,1,0,0,0,1,1,1,1,0,1,0,0,0,1,1,1,0,0,1,0,0,0,1,1,0,0,0,0,Malaria
0,0,1,1,0,1,1,0,0,0,0,0,0,0,0,0,0,1,0,1,1,0,1,1,1,1,0,1,0,0,Diabetes
0,0,0,1,0,1,0,1,0,0,1,1,0,0,1,1,0,0,1,0,0,0,0,1,1,1,0,0,0,1,Chronic cholestasis
1,1,0,1,1,0,1,1,0,0,1,1,0,0,0,1,0,1,0,1,1,1,0,0,0,1,1,0,0,1,Common Cold
1,1,1,0,0,0,1,0,0,0,0,1,0,0,0,0,1,1,0,0,0,0,1,1,0,1,1,0,0,1,Malaria
0,0,1,1,1,1,1,1,1,0,0,1,1,1,0,1,0,1,0,0,1,1,1,0,1,1,1,1,1,1,Fungal infection
1,0,1,1,1,0,0,1,1,1,0,0,0,1,0,1,0,1,1,1,0,0,0,1,0,0,1,0,1,1,Common Cold
0,0,0,1,1,0,0,0,0,1,1,1,0,0,1,1,0,0,1,0,1,1,1,0,0,0,0,1,0,0,Chronic cholestasis
0,1,0,1,1,0,0,0,0,0,1,0,1,1,1,0,0,0,0,1,1,1,0,1,0,0,0,1,1,1,Drug Reaction
1,0,1,1,0,0,1,0,1,1,0,1,1,1,1,0,0,0,1,0,1,0,1,0,0,1,0,0,1,0,Malaria
0,0,0,0,0,0,1,0,0,1,1,0,1,0,1,1,1,1,1,1,1,0,0,0,0,0,0,1,0,1,Malaria
0,0,1,1,1,0,0,0,1,0,1,1,0,1,0,1,1,0,0,1,0,1,0,1,0,1,0,0,0,1,Common Cold
0,0,0,1,0,0,1,0,1,0,0,0,1,1,0,1,0,0,0,0,0,0,0,1,0,1,0,1,1,0,Drug Reaction
0,0,1,1,1,0,1,1,1,1,1,0,0,0,1,0,1,1,1,1,0,0,0,1,1,1,0,0,0,1,Common Cold
0,1,0,0,1,0,1,0,0,0,0,1,0,1,0,1,0,0,1,1,0,1,0,0,1,1,0,0,1,1,Fungal infection
1,0,0,1,0,1,0,1,1,0,1,1,0,0,0,1,1,0,0,0,1,0,1,0,0,1,1,1,1,1,Allergy
0,0,0,0,0,0,1,0,1,1,0,0,1,1,0,1,0,1,0,0,0,0,0,1,0,1,0,0,0,0,GERD
1,1,1,1,0,1,0,1,1,1,0,1,0,1,0,1,1,1,0,0,1,1,0,0,1,1,0,0,1,0,AIDS
0,1,0,1,0,1,0,0,1,1,1,0,1,1,0,0,1,1,1,1,1,1,0,1,1,1,0,1,0,1,Diabetes
1,0,0,1,1,1,1,0,1,1,0,1,1,1,1,1,0,0,0,0,1,0,0,0,0,0,0,0,0,1,Common Cold
1,0,1,0,1,1,1,0,1,0,0,1,0,1,0,0,1,0,1,0,1,1,1,0,1,1,0,0,0,0,Allergy
1,0,1,1,1,0,0,1,1,1,1,1,1,1,0,0,1,1,1,1,1,1,1,0,1,0,1,0,1,0,Allergy
0,0,1,1,0,0,1,0,1,1,1,1,0,0,0,1,0,0,1,1,0,0,0,0,1,0,1,0,1,1,Common Cold
1,0,0,1,1,0,0,1,0,1,1,0,1,0,0,1,0,0,0,1,0,0,0,0,0,0,0,1,1,0,Chronic cholestasis
1,1,1,1,1,1,1,1,1,0,1,1,1,0,1,1,1,0,1,1,0,0,0,1,0,0,0,0,0,1,GERD
0,1,0,0,0,1,0,1,0,0,0,0,0,0,1,0,1,1,1,0,1,1,1,0,1,1,1,1,0,1,Drug Reaction
1,1,0,1,0,1,1,1,0,0,1,0,1,0,0,1,0,1,1,1,1,1,1,0,1,0,1,0,0,0,Chronic cholestasis
0,1,0,1,0,0,0,0,1,0,0,0,1,0,0,0,0,0,0,1,1,1,1,1,0,0,0,0,1,1,GERD
0,1,0,0,0,0,0,0,1,1,1,1,1,0,1,0,1,0,0,0,0,0,1,1,1,0,0,1,0,0,Chronic cholestasis
1,0,0,0,1,0,0,1,1,0,1,1,1,1,0,1,1,1,1,1,1,1,0,0,1,0,0,1,1,0,Diabetes
1,1,1,0,1,0,1,1,1,1,0,1,0,0,1,1,0,1,0,1,0,1,0,1,1,1,0,0,0,0,Common Cold
1,1,1,1,0,0,1,0,1,0,0,0,0,0,1,1,0,1,1,0,0,1,0,1,1,1,1,1,0,1,Common Cold
1,1,0,0,0,1,1,0,0,0,0,0,0,1,0,0,1,1,0,0,0,0,1,1,0,0,0,1,0,0,GERD
1,1,1,0,0,0,1,1,0,0,0,1,0,1,0,0,0,1,0,1,0,1,0,1,1,1,0,1,1,1,AIDS
1,0,1,1,1,1,1,0,1,0,1,1,0,1,0,1,0,0,1,1,0,1,0,0,0,1,1,0,0,1,AIDS
0,1,0,0,1,1,1,0,0,0,0,0,1,0,0,0,0,1,0,0,1,0,1,1,0,0,0,1,0,0,Malaria
1,0,1,1,0,0,0,0,1,1,0,0,1,1,0,0,1,0,0,0,1,0,1,0,0,1,0,1,0,1,Allergy
1,1,1,1,0,0,1,0,0,1,0,0,1,0,1,0,0,0,1,1,1,0,1,1,0,1,0,0,1,0,Fungal infection
0,1,1,0,0,0,1,1,1,0,0,1,1,1,0,1,1,0,0,1,0,0,0,0,1,0,1,1,0,0,Fungal infection
0,1,1,1,1,0,1,1,1,1,1,1,1,1,1,0,1,0,1,1,0,0,1,0,1,1,0,1,0,0,Allergy
0,1,1,1,0,0,1,1,1,1,1,0,0,0,1,1,0,1,1,0,1,0,1,1,0,0,1,0,0,1,Drug Reaction
0,1,1,1,1,1,0,1,0,0,0,0,1,1,1,1,0,0,1,0,0,0,1,0,0,1,0,0,0,0,Fungal infection
1,1,1,1,0,1,1,1,0,1,1,0,1,0,0,0,0,0,0,0,1,1,1,1,0,1,1,1,0,0,AIDS
1,0,1,0,0,1,0,0,0,0,0,0,1,1,0,1,0,0,1,1,0,1,1,0,0,1,0,1,1,0,Drug Reaction
0,0,1,0,0,1,0,1,1,1,0,0,0,1,0,0,1,1,0,0,1,0,1,0,0,1,0,0,1,1,AIDS
1,0,0,1,0,1,0,0,0,1,1,0,0,0,0,1,0,1,1,1,1,1,1,1,1,0,1,1,0,0,Chronic cholestasis
1,1,1,0,0,1,0,1,0,0,0,1,0,1,0,0,1,0,1,0,0,0,1,1,1,1,1,0,1,0,Allergy
1,1,1,0,1,0,1,0,1,1,1,0,0,0,0,1,0,1,1,0,1,1,1,0,1,1,1,1,0,0,AIDS
0,0,1,1,0,1,0,1,1,1,1,0,0,1,1,0,0,1,0,0,1,1,0,1,1,0,1,0,0,0,Drug Reaction
0,1,0,1,1,0,0,0,0,0,0,0,1,0,0,1,0,0,0,1,1,0,0,0,1,0,1,1,0,1,Diabetes
0,1,1,0,0,0,1,0,0,1,0,0,1,1,0,0,0,1,1,0,1,1,1,1,0,0,1,1,0,1,Peptic ulcer disease
1,0,0,1,1,1,0,1,1,1,1,0,1,0,1,0,0,1,0,1,1,1,0,0,1,1,0,1,0,1,AIDS
1,1,1,0,0,0,0,0,1,0,1,0,0,0,1,0,0,0,0,1,0,0,0,1,1,1,1,0,1,1,Peptic ulcer disease
1,0,0,0,1,1,1,1,1,0,1,1,0,0,1,0,0,1,1,1,0,1,0,1,1,1,0,0,0,0,GERD
0,1,0,1,1,1,0,1,1,1,0,0,1,1,0,0,0,1,0,1,1,1,0,0,0,0,1,1,0,0,Malaria
0,1,1,1,0,0,1,1,1,1,1,0,0,1,1,1,0,0,0,1,1,0,0,0,0,1,1,0,1,0,Drug Reaction
1,0,0,1,1,0,0,0,1,0,1,1,0,1,0,1,0,1,1,0,0,0,1,0,0,0,1,0,0,1,Drug Reaction
1,0,0,0,0,1,0,0,1,0,1,0,0,0,0,0,1,1,0,0,1,0,0,0,1,0,1,1,1,0,Peptic ulcer disease
1,1,0,0,1,1,0,0,1,0,1,1,1,1,0,1,1,1,1,1,0,0,0,1,1,1,1,1,0,0,Chronic cholestasis
0,1,1,1,0,0,0,1,0,0,0,0,0,0,0,0,1,0,1,0,1,1,1,1,1,0,1,1,1,0,Malaria
1,0,1,0,1,1,1,0,1,0,1,0,1,0,1,1,0,1,1,1,1,0,0,0,0,0,0,0,1,1,Malaria
0,1,1,1,1,0,0,0,0,1,0,1,0,0,0,0,0,0,1,1,0,0,0,0,1,1,0,0,1,0,Diabetes
1,0,0,0,1,0,0,0,0,1,1,0,0,0,1,1,0,1,0,0,0,1,1,1,0,1,0,0,0,1,AIDS
0,0,1,0,1,1,0,1,0,1,0,0,0,1,1,1,1,0,0,0,1,0,1,1,0,0,0,0,0,1,Allergy
1,1,1,0,1,0,0,1,1,1,1,0,0,1,1,1,1,1,0,1,1,1,0,1,0,0,1,1,0,1,Diabetes
1,1,1,0,0,0,0,1,1,1,0,0,1,0,1,1,1,0,1,1,0,0,1,0,0,1,0,0,0,0,GERD
0,0,1,0,0,1,1,1,1,1,1,1,0,1,1,0,0,0,0,1,1,0,1,0,1,1,1,0,0,1,Diabetes
1,1,1,0,0,0,0,1,0,0,1,1,1,0,0,0,1,0,1,1,1,1,0,0,1,1,1,0,0,1,Diabetes
0,1,1,1,0,0,1,0,0,0,1,1,1,0,1,0,0,0,0,0,1,1,1,1,1,0,1,1,0,1,GERD
1,0,1,1,1,1,1,1,1,1,1,0,0,0,1,1,1,0,1,1,0,1,0,1,1,0,1,1,1,1,AIDS
1,1,1,1,1,1,1,0,1,1,1,0,0,0,0,1,1,1,0,1,1,1,1,0,1,1,1,1,0,0,Common Cold
1,0,1,1,0,1,0,0,0,1,1,1,1,1,1,1,1,1,1,1,0,1,1,1,0,1,0,0,1,1,Diabetes
0,0,0,1,1,0,1,0,0,1,1,1,1,0,0,0,0,1,1,0,0,1,1,0,1,0,1,0,1,0,Fungal infection
1,0,1,0,1,1,0,1,0,1,1,1,0,0,0,1,0,1,1,0,0,0,0,0,1,1,1,0,0,0,Fungal infection
0,0,0,1,1,1,1,1,1,0,0,1,1,1,1,1,0,0,1,1,1,1,0,1,0,1,0,0,0,1,Fungal infection
0,1,1,1,0,0,1,0,1,1,0,1,0,0,1,0,0,1,1,1,0,1,0,1,1,1,1,1,0,1,AIDS
1,1,1,0,0,1,0,1,0,1,0,0,0,0,1,0,1,1,0,0,1,0,0,0,1,1,0,1,1,0,Chronic cholestasis
0,0,1,1,1,0,0,1,1,0,1,0,1,0,0,0,0,1,1,0,1,1,0,1,0,1,1,0,0,1,Allergy
1,1,0,0,1,1,0,0,1,1,1,1,1,1,1,1,0,1,1,1,0,0,1,1,0,0,1,0,1,0,AIDS
0,0,1,1,1,1,1,1,1,0,1,1,1,0,1,0,0,0,0,0,0,1,1,0,0,0,0,0,1,1,Common Cold
1,1,1,1,0,1,0,0,0,1,1,0,1,0,1,1,1,0,0,0,0,1,0,1,0,0,1,1,0,1,GERD
0,1,1,1,0,0,1,0,1,1,0,0,0,0,0,1,0,1,1,1,0,1,1,1,1,1,0,0,0,0,Allergy
0,1,1,0,1,1,0,0,1,1,0,1,1,0,0,1,1,1,0,1,0,0,1,1,1,1,1,0,0,0,Diabetes
1,0,1,1,0,0,0,0,0,1,0,0,1,1,0,1,0,1,0,1,1,0,0,1,0,0,1,0,1,1,Peptic ulcer disease
1,1,0,0,1,1,1,1,1,1,1,1,1,1,1,1,1,1,1,0,0,1,1,0,0,0,0,1,1,1,Drug Reaction
1,0,1,1,0,1,1,1,0,0,0,0,1,0,1,1,1,1,0,1,0,0,1,1,1,0,1,0,1,1,Chronic cholestasis
0,0,1,1,1,1,1,0,1,0,0,1,0,0,0,0,0,1,1,0,0,1,1,0,0,1,0,1,0,0,Common Cold
0,1,0,1,1,1,0,0,1,1,0,1,1,1,1,0,0,1,0,1,1,1,0,0,1,1,0,0,0,0,GERD
0,1,0,0,1,1,1,0,1,0,1,1,1,1,0,0,0,0,0,0,1,0,1,1,0,1,1,0,0,0,Common Cold
1,1,0,0,1,0,1,0,0,0,0,0,0,0,0,0,0,0,0,1,1,0,0,0,0,1,0,1,0,0,GERD
1,0,0,1,0,1,0,1,0,1,1,0,0,0,1,0,1,1,0,1,1,0,0,1,1,1,1,0,1,0,Allergy
1,1,1,0,0,1,1,0,1,0,1,0,1,0,1,1,1,1,1,0,1,1,0,1,1,1,1,0,0,0,Allergy
1,1,0,1,1,1,1,1,0,0,0,1,1,0,1,1,1,0,0,0,0,1,1,0,1,1,1,0,0,1,Drug Reaction
0,1,1,0,0,1,1,0,0,1,0,0,1,1,0,0,0,0,0,1,1,0,0,0,0,1,0,1,1,1,Chronic cholestasis
1,1,0,0,1,1,0,0,1,0,0,0,1,1,0,1,1,0,0,1,0,0,0,1,1,1,1,0,0,1,AIDS
0,1,1,1,0,1,0,0,1,1,1,1,0,1,0,0,0,1,1,0,1,0,0,0,0,1,1,1,1,1,Drug Reaction
1,1,0,1,0,0,1,1,0,0,0,0,1,1,1,0,0,1,0,1,0,0,0,1,1,0,1,1,1,0,Allergy
0,0,0,1,0,1,1,0,1,1,1,0,1,1,0,1,0,1,0,0,0,0,0,0,0,0,1,1,0,0,AIDS
0,1,0,1,1,0,0,1,0,0,1,1,1,0,0,1,0,1,0,0,1,0,0,0,1,0,0,0,0,0,AIDS
1,0,0,1,1,1,1,0,0,1,1,0,0,1,0,0,0,0,1,1,0,0,0,0,0,1,1,1,1,0,Malaria
1,0,0,1,1,1,1,0,0,1,1,0,0,1,0,1,0,1,1,0,0,0,1,1,1,0,0,0,1,1,Allergy
0,0,0,1,0,1,1,1,1,0,0,0,0,1,0,0,0,1,1,0,1,1,0,1,0,0,0,0,0,0,Fungal infection
0,0,0,1,0,1,0,1,1,0,0,0,1,0,1,1,1,0,0,1,1,1,1,0,0,1,1,0,1,1,GERD
1,0,0,1,1,1,1,1,0,1,1,1,0,1,0,1,1,0,0,0,0,0,0,0,0,1,0,1,1,1,Fungal infection
0,0,1,1,0,1,1,1,1,0,0,1,1,0,0,1,1,1,1,1,0,0,0,1,0,1,0,0,1,0,GERD
0,0,1,1,1,1,0,0,1,1,0,1,1,0,1,0,0,1,0,0,0,1,1,1,0,1,0,0,1,1,Diabetes
1,0,0,1,1,1,1,0,1,0,1,1,0,1,1,1,1,1,0,0,0,0,0,1,0,0,1,0,0,1,Fungal infection
0,0,1,0,1,0,0,0,0,1,1,0,1,1,0,1,0,0,1,1,1,0,0,1,0,1,1,0,1,1,Malaria
1,1,1,0,0,0,0,0,1,1,1,0,1,1,1,0,1,1,0,0,0,0,1,1,1,0,1,0,0,0,Diabetes
1,1,0,1,0,0,1,1,0,1,0,1,0,1,1,0,0,1,0,1,0,0,0,0,0,0,0,1,0,1,Fungal infection
0,1,1,1,1,0,1,0,0,0,0,1,1,1,0,1,1,0,0,0,1,0,0,0,0,1,0,0,0,0,Diabetes
0,1,1,1,0,1,1,1,0,0,0,0,1,0,1,1,1,0,0,1,1,0,0,0,0,1,0,1,1,0,Diabetes
1,1,1,1,0,0,0,1,1,1,0,1,1,0,1,0,0,0,0,0,0,1,0,1,1,0,0,1,0,1,Malaria
0,0,1,0,1,1,1,1,0,1,1,1,0,0,1,0,1,0,1,0,0,1,1,1,1,0,0,1,1,1,Diabetes
1,0,1,1,0,1,1,0,0,1,1,0,0,1,0,0,0,0,0,0,0,0,0,0,0,0,0,1,0,1,Malaria
1,0,0,0,1,0,1,0,0,0,0,0,0,0,1,1,0,1,0,1,0,1,1,1,1,1,0,1,0,0,Fungal infection
1,1,0,1,0,0,0,0,0,1,0,0,0,1,0,0,1,1,0,0,0,1,1,1,0,1,0,1,1,0,Common Cold
1,1,0,0,0,1,0,1,0,1,0,0,1,0,1,1,1,1,0,1,1,0,1,0,0,0,0,0,0,0,Drug Reaction
0,1,0,1,0,0,1,1,1,0,1,1,1,0,0,1,0,0,1,1,0,0,0,1,1,0,0,1,0,0,AIDS
1,0,0,1,0,1,1,0,1,0,1,1,0,0,0,1,1,1,1,0,0,0,1,0,1,0,1,0,0,1,Peptic ulcer disease
0,0,1,0,0,1,1,0,0,1,1,1,0,0,0,1,0,0,0,1,0,0,1,1,1,1,1,0,0,0,Allergy
1,0,1,1,0,0,0,0,0,0,1,1,1,1,1,0,0,0,1,1,0,0,0,1,1,1,0,0,0,1,Chronic cholestasis
1,1,1,1,1,1,1,0,1,0,1,1,0,1,0,0,0,0,1,1,1,1,1,1,0,0,0,1,1,1,Peptic ulcer disease
0,0,1,0,0,1,1,1,0,1,1,1,1,1,0,0,1,0,0,1,0,0,0,1,1,0,0,1,0,0,Drug Reaction
1,0,1,1,1,1,0,1,0,0,0,0,1,0,0,1,0,1,0,1,1,1,0,0,0,0,1,1,1,1,AIDS
1,0,0,1,0,1,1,1,0,0,0,0,1,1,1,1,0,1,1,1,0,1,0,0,1,1,0,1,1,0,Allergy
1,0,1,1,1,1,1,0,1,0,0,0,1,0,0,0,1,0,0,1,1,0,0,0,0,0,0,0,0,1,Malaria
0,0,1,0,1,0,0,0,0,0,1,1,1,0,1,1,1,0,0,1,0,0,1,0,1,0,1,1,0,0,GERD
0,0,0,1,1,1,1,1,0,0,0,1,1,0,1,0,0,1,1,1,1,1,0,0,1,1,0,0,0,0,Chronic cholestasis
1,1,1,1,1,1,0,0,0,1,0,1,0,1,1,1,1,1,1,0,0,1,0,1,0,0,1,1,1,0,GERD
1,1,1,0,0,1,1,0,0,0,1,1,0,1,0,0,1,1,0,1,1,1,1,0,0,1,1,1,0,0,Common Cold
0,0,0,0,1,0,0,1,0,0,0,1,0,1,1,1,0,1,0,0,1,1,1,0,0,1,0,0,1,0,Diabetes
1,1,1,1,0,0,0,1,1,0,0,0,1,0,0,0,1,0,1,1,1,0,0,1,0,0,1,0,0,1,Peptic ulcer disease
1,0,1,1,0,0,1,1,1,0,1,1,0,1,0,1,0,0,0,1,1,1,0,1,1,0,1,1,0,1,AIDS
0,0,1,1,1,1,1,1,0,0,0,0,0,0,1,1,1,1,0,1,1,1,0,0,0,0,0,1,1,0,Allergy
1,1,0,1,0,0,1,0,1,0,0,1,1,0,1,1,1,0,1,1,0,0,1,1,1,0,0,0,1,0,Fungal infection
1,1,1,0,0,0,0,0,0,1,0,0,0,0,0,1,0,1,1,0,1,0,1,1,0,0,1,1,0,0,GERD
1,0,0,1,0,1,1,1,1,0,0,0,1,0,0,1,1,0,0,1,1,1,0,1,1,1,0,1,1,0,GERD
1,1,1,0,0,1,1,0,1,1,1,1,1,1,1,0,0,1,1,1,1,0,0,0,0,1,1,0,1,1,AIDS
1,1,1,1,0,1,1,1,0,0,0,0,0,0,0,0,0,0,0,1,1,1,0,1,1,0,1,1,0,0,Drug Reaction
0,0,0,0,1,0,0,1,0,0,1,1,1,0,0,1,0,0,1,1,0,0,1,1,1,0,0,1,1,1,GERD
0,1,0,1,0,1,1,1,0,0,1,0,0,1,0,0,0,1,0,1,0,0,0,1,1,0,0,0,1,1,GERD
0,1,0,1,0,1,1,1,1,0,1,0,0,0,1,1,1,1,1,0,1,0,1,0,1,0,1,1,0,0,Allergy
0,1,0,0,1,1,0,1,0,0,1,0,0,0,0,1,0,0,1,0,0,0,1,1,0,1,1,1,0,1,Peptic ulcer disease
0,1,0,0,1,1,1,0,0,1,0,1,0,1,1,0,1,0,0,0,1,1,1,1,1,1,0,0,0,0,Common Cold
1,0,0,0,0,0,0,0,0,0,1,1,1,0,1,0,1,1,1,1,1,1,1,0,0,1,1,1,0,0,Peptic ulcer disease
